image_names,emergency_or_not,name
1503.jpg,0,1503
1420.jpg,0,1420
1764.jpg,0,1764
1356.jpg,0,1356
1117.jpg,0,1117
45.jpg,1,45
2313.jpg,0,2313
1657.jpg,0,1657
294.jpg,1,294
999.jpg,0,999
588.jpg,1,588
1912.jpg,0,1912
736.jpg,1,736
1106.jpg,0,1106
1939.jpg,0,1939
1833.jpg,0,1833
436.jpg,1,436
741.jpg,1,741
2133.jpg,0,2133
393.jpg,1,393
907.jpg,1,907
534.jpg,1,534
30.jpg,1,30
1994.jpg,0,1994
1526.jpg,0,1526
1114.jpg,0,1114
1176.jpg,0,1176
1304.jpg,0,1304
1972.jpg,0,1972
2084.jpg,0,2084
1231.jpg,0,1231
1336.jpg,0,1336
2110.jpg,0,2110
344.jpg,1,344
556.jpg,1,556
1242.jpg,0,1242
680.jpg,1,680
744.jpg,1,744
1071.jpg,0,1071
352.jpg,1,352
91.jpg,1,91
1058.jpg,0,1058
1914.jpg,0,1914
1957.jpg,0,1957
1091.jpg,0,1091
261.jpg,1,261
1742.jpg,0,1742
748.jpg,1,748
755.jpg,1,755
764.jpg,1,764
567.jpg,1,567
1915.jpg,0,1915
1658.jpg,0,1658
1871.jpg,0,1871
913.jpg,1,913
2141.jpg,0,2141
1619.jpg,0,1619
300.jpg,1,300
1590.jpg,0,1590
2042.jpg,0,2042
1090.jpg,0,1090
1763.jpg,0,1763
315.jpg,1,315
1840.jpg,0,1840
453.jpg,1,453
601.jpg,1,601
175.jpg,1,175
1387.jpg,0,1387
1133.jpg,0,1133
37.jpg,1,37
123.jpg,1,123
1234.jpg,0,1234
394.jpg,1,394
1775.jpg,0,1775
2217.jpg,0,2217
39.jpg,1,39
462.jpg,1,462
1989.jpg,0,1989
2075.jpg,0,2075
331.jpg,1,331
1546.jpg,0,1546
194.jpg,1,194
2211.jpg,0,2211
2236.jpg,0,2236
634.jpg,1,634
322.jpg,1,322
1870.jpg,0,1870
266.jpg,1,266
1057.jpg,0,1057
1934.jpg,0,1934
579.jpg,1,579
1337.jpg,0,1337
1674.jpg,0,1674
2001.jpg,0,2001
1971.jpg,0,1971
891.jpg,1,891
1909.jpg,0,1909
2249.jpg,0,2249
1518.jpg,0,1518
1298.jpg,0,1298
1258.jpg,0,1258
1378.jpg,0,1378
2268.jpg,0,2268
1067.jpg,0,1067
572.jpg,1,572
942.jpg,1,942
2057.jpg,0,2057
2132.jpg,0,2132
2327.jpg,0,2327
1691.jpg,0,1691
941.jpg,1,941
962.jpg,1,962
53.jpg,1,53
772.jpg,1,772
1272.jpg,0,1272
2019.jpg,0,2019
1347.jpg,0,1347
505.jpg,1,505
752.jpg,1,752
1613.jpg,0,1613
1710.jpg,0,1710
2220.jpg,0,2220
1468.jpg,0,1468
2017.jpg,0,2017
365.jpg,1,365
1641.jpg,0,1641
1386.jpg,0,1386
309.jpg,1,309
1926.jpg,0,1926
2171.jpg,0,2171
583.jpg,1,583
1669.jpg,0,1669
771.jpg,1,771
2200.jpg,0,2200
1866.jpg,0,1866
152.jpg,1,152
2104.jpg,0,2104
1829.jpg,0,1829
1041.jpg,0,1041
856.jpg,1,856
1727.jpg,0,1727
318.jpg,1,318
1372.jpg,0,1372
1286.jpg,0,1286
974.jpg,1,974
1903.jpg,0,1903
1623.jpg,0,1623
1283.jpg,0,1283
1916.jpg,0,1916
1355.jpg,0,1355
343.jpg,1,343
994.jpg,0,994
398.jpg,1,398
584.jpg,1,584
704.jpg,1,704
1941.jpg,0,1941
1299.jpg,0,1299
292.jpg,1,292
1620.jpg,0,1620
1259.jpg,0,1259
1161.jpg,0,1161
1544.jpg,0,1544
141.jpg,1,141
1159.jpg,0,1159
2.jpg,1,2
1175.jpg,0,1175
576.jpg,1,576
1563.jpg,0,1563
339.jpg,1,339
358.jpg,1,358
265.jpg,1,265
376.jpg,1,376
1471.jpg,0,1471
2016.jpg,0,2016
439.jpg,1,439
271.jpg,1,271
1956.jpg,0,1956
1812.jpg,0,1812
244.jpg,1,244
985.jpg,1,985
940.jpg,1,940
1043.jpg,0,1043
1124.jpg,0,1124
993.jpg,0,993
1800.jpg,0,1800
902.jpg,1,902
607.jpg,1,607
415.jpg,1,415
273.jpg,1,273
1449.jpg,0,1449
780.jpg,1,780
1135.jpg,0,1135
250.jpg,1,250
413.jpg,1,413
2213.jpg,0,2213
1765.jpg,0,1765
2212.jpg,0,2212
310.jpg,1,310
1023.jpg,0,1023
893.jpg,1,893
1005.jpg,0,1005
425.jpg,1,425
2280.jpg,0,2280
2102.jpg,0,2102
2125.jpg,0,2125
721.jpg,1,721
1825.jpg,0,1825
348.jpg,1,348
1394.jpg,0,1394
988.jpg,1,988
1228.jpg,0,1228
526.jpg,1,526
1010.jpg,0,1010
363.jpg,1,363
182.jpg,1,182
170.jpg,1,170
1073.jpg,0,1073
1225.jpg,0,1225
1036.jpg,0,1036
812.jpg,1,812
187.jpg,1,187
619.jpg,1,619
151.jpg,1,151
158.jpg,1,158
1083.jpg,0,1083
272.jpg,1,272
614.jpg,1,614
489.jpg,1,489
1134.jpg,0,1134
2170.jpg,0,2170
1788.jpg,0,1788
371.jpg,1,371
222.jpg,1,222
593.jpg,1,593
476.jpg,1,476
978.jpg,1,978
1612.jpg,0,1612
1689.jpg,0,1689
839.jpg,1,839
687.jpg,1,687
1442.jpg,0,1442
136.jpg,1,136
518.jpg,1,518
628.jpg,1,628
334.jpg,1,334
781.jpg,1,781
1289.jpg,0,1289
1572.jpg,0,1572
1844.jpg,0,1844
1044.jpg,0,1044
2184.jpg,0,2184
1560.jpg,0,1560
710.jpg,1,710
15.jpg,1,15
1975.jpg,0,1975
287.jpg,1,287
1973.jpg,0,1973
2079.jpg,0,2079
1862.jpg,0,1862
2163.jpg,0,2163
1221.jpg,0,1221
570.jpg,1,570
654.jpg,1,654
1056.jpg,0,1056
1309.jpg,0,1309
465.jpg,1,465
1656.jpg,0,1656
199.jpg,1,199
1317.jpg,0,1317
2325.jpg,0,2325
1622.jpg,0,1622
1666.jpg,0,1666
1880.jpg,0,1880
2120.jpg,0,2120
1210.jpg,0,1210
1877.jpg,0,1877
1755.jpg,0,1755
1628.jpg,0,1628
591.jpg,1,591
1332.jpg,0,1332
1887.jpg,0,1887
1104.jpg,0,1104
1911.jpg,0,1911
1116.jpg,0,1116
2172.jpg,0,2172
1113.jpg,0,1113
1018.jpg,0,1018
1901.jpg,0,1901
816.jpg,1,816
1193.jpg,0,1193
43.jpg,1,43
1404.jpg,0,1404
274.jpg,1,274
2342.jpg,0,2342
865.jpg,1,865
101.jpg,1,101
1285.jpg,0,1285
1165.jpg,0,1165
1342.jpg,0,1342
107.jpg,1,107
1383.jpg,0,1383
497.jpg,1,497
2340.jpg,0,2340
802.jpg,1,802
2185.jpg,0,2185
1189.jpg,0,1189
1480.jpg,0,1480
2218.jpg,0,2218
1194.jpg,0,1194
2204.jpg,0,2204
1746.jpg,0,1746
2196.jpg,0,2196
2095.jpg,0,2095
1307.jpg,0,1307
712.jpg,1,712
72.jpg,1,72
500.jpg,1,500
1632.jpg,0,1632
1573.jpg,0,1573
2263.jpg,0,2263
481.jpg,1,481
1447.jpg,0,1447
1913.jpg,0,1913
1778.jpg,0,1778
1322.jpg,0,1322
405.jpg,1,405
757.jpg,1,757
1190.jpg,0,1190
1448.jpg,0,1448
2108.jpg,0,2108
1543.jpg,0,1543
743.jpg,1,743
806.jpg,1,806
2173.jpg,0,2173
1660.jpg,0,1660
1251.jpg,0,1251
148.jpg,1,148
1075.jpg,0,1075
1770.jpg,0,1770
692.jpg,1,692
818.jpg,1,818
1850.jpg,0,1850
2209.jpg,0,2209
1494.jpg,0,1494
701.jpg,1,701
2083.jpg,0,2083
921.jpg,1,921
905.jpg,1,905
1815.jpg,0,1815
2350.jpg,0,2350
1566.jpg,0,1566
1226.jpg,0,1226
167.jpg,1,167
730.jpg,1,730
1374.jpg,0,1374
26.jpg,1,26
1173.jpg,0,1173
2149.jpg,0,2149
997.jpg,0,997
1040.jpg,0,1040
1410.jpg,0,1410
1575.jpg,0,1575
1652.jpg,0,1652
41.jpg,1,41
1171.jpg,0,1171
2304.jpg,0,2304
1200.jpg,0,1200
1477.jpg,0,1477
609.jpg,1,609
2077.jpg,0,2077
1922.jpg,0,1922
1181.jpg,0,1181
1375.jpg,0,1375
493.jpg,1,493
236.jpg,1,236
551.jpg,1,551
520.jpg,1,520
1836.jpg,0,1836
720.jpg,1,720
1754.jpg,0,1754
2080.jpg,0,2080
58.jpg,1,58
631.jpg,1,631
1429.jpg,0,1429
592.jpg,1,592
2048.jpg,0,2048
939.jpg,1,939
2026.jpg,0,2026
904.jpg,1,904
2187.jpg,0,2187
2258.jpg,0,2258
1401.jpg,0,1401
1241.jpg,0,1241
1675.jpg,0,1675
706.jpg,1,706
1022.jpg,0,1022
745.jpg,1,745
2105.jpg,0,2105
1245.jpg,0,1245
513.jpg,1,513
81.jpg,1,81
2087.jpg,0,2087
914.jpg,1,914
2166.jpg,0,2166
2237.jpg,0,2237
150.jpg,1,150
774.jpg,1,774
329.jpg,1,329
6.jpg,1,6
943.jpg,1,943
1808.jpg,0,1808
1813.jpg,0,1813
909.jpg,1,909
468.jpg,1,468
181.jpg,1,181
164.jpg,1,164
451.jpg,1,451
490.jpg,1,490
1869.jpg,0,1869
2307.jpg,0,2307
1111.jpg,0,1111
1845.jpg,0,1845
1427.jpg,0,1427
1493.jpg,0,1493
1290.jpg,0,1290
1509.jpg,0,1509
1565.jpg,0,1565
327.jpg,1,327
442.jpg,1,442
1752.jpg,0,1752
1508.jpg,0,1508
832.jpg,1,832
2161.jpg,0,2161
1514.jpg,0,1514
86.jpg,1,86
2296.jpg,0,2296
777.jpg,1,777
1402.jpg,0,1402
54.jpg,1,54
1642.jpg,0,1642
1467.jpg,0,1467
1370.jpg,0,1370
113.jpg,1,113
2203.jpg,0,2203
987.jpg,1,987
1650.jpg,0,1650
1368.jpg,0,1368
1009.jpg,0,1009
589.jpg,1,589
1920.jpg,0,1920
17.jpg,1,17
2050.jpg,0,2050
285.jpg,1,285
428.jpg,1,428
1185.jpg,0,1185
669.jpg,1,669
31.jpg,1,31
722.jpg,1,722
951.jpg,1,951
1539.jpg,0,1539
214.jpg,1,214
1562.jpg,0,1562
1164.jpg,0,1164
326.jpg,1,326
560.jpg,1,560
1086.jpg,0,1086
1601.jpg,0,1601
341.jpg,1,341
147.jpg,1,147
1610.jpg,0,1610
1107.jpg,0,1107
1879.jpg,0,1879
966.jpg,1,966
1072.jpg,0,1072
155.jpg,1,155
1446.jpg,0,1446
1505.jpg,0,1505
2031.jpg,0,2031
1614.jpg,0,1614
1889.jpg,0,1889
1898.jpg,0,1898
2081.jpg,0,2081
2316.jpg,0,2316
1419.jpg,0,1419
2207.jpg,0,2207
1561.jpg,0,1561
1739.jpg,0,1739
2112.jpg,0,2112
938.jpg,1,938
2114.jpg,0,2114
346.jpg,1,346
1872.jpg,0,1872
2328.jpg,0,2328
385.jpg,1,385
1376.jpg,0,1376
1422.jpg,0,1422
243.jpg,1,243
1302.jpg,0,1302
936.jpg,1,936
1992.jpg,0,1992
312.jpg,1,312
2295.jpg,0,2295
1684.jpg,0,1684
968.jpg,1,968
660.jpg,1,660
2011.jpg,0,2011
370.jpg,1,370
566.jpg,1,566
1837.jpg,0,1837
824.jpg,1,824
982.jpg,1,982
1738.jpg,0,1738
1677.jpg,0,1677
813.jpg,1,813
778.jpg,1,778
1052.jpg,0,1052
2302.jpg,0,2302
1013.jpg,0,1013
1490.jpg,0,1490
1846.jpg,0,1846
2319.jpg,0,2319
126.jpg,1,126
887.jpg,1,887
1784.jpg,0,1784
1007.jpg,0,1007
355.jpg,1,355
2024.jpg,0,2024
682.jpg,1,682
827.jpg,1,827
1859.jpg,0,1859
984.jpg,1,984
1233.jpg,0,1233
1948.jpg,0,1948
140.jpg,1,140
1943.jpg,0,1943
1839.jpg,0,1839
1437.jpg,0,1437
2090.jpg,0,2090
1592.jpg,0,1592
2320.jpg,0,2320
1933.jpg,0,1933
711.jpg,1,711
1157.jpg,0,1157
1462.jpg,0,1462
871.jpg,1,871
10.jpg,1,10
1517.jpg,0,1517
1476.jpg,0,1476
754.jpg,1,754
626.jpg,1,626
1506.jpg,0,1506
129.jpg,1,129
843.jpg,1,843
323.jpg,1,323
1731.jpg,0,1731
1618.jpg,0,1618
2279.jpg,0,2279
14.jpg,1,14
1801.jpg,0,1801
215.jpg,1,215
1412.jpg,0,1412
1699.jpg,0,1699
1182.jpg,0,1182
1435.jpg,0,1435
1361.jpg,0,1361
864.jpg,1,864
516.jpg,1,516
597.jpg,1,597
195.jpg,1,195
288.jpg,1,288
950.jpg,1,950
1596.jpg,0,1596
1896.jpg,0,1896
1120.jpg,0,1120
549.jpg,1,549
156.jpg,1,156
419.jpg,1,419
922.jpg,1,922
2106.jpg,0,2106
477.jpg,1,477
1433.jpg,0,1433
553.jpg,1,553
1202.jpg,0,1202
390.jpg,1,390
578.jpg,1,578
2177.jpg,0,2177
1486.jpg,0,1486
2341.jpg,0,2341
820.jpg,1,820
2251.jpg,0,2251
1006.jpg,0,1006
1248.jpg,0,1248
1421.jpg,0,1421
664.jpg,1,664
2028.jpg,0,2028
142.jpg,1,142
2044.jpg,0,2044
2231.jpg,0,2231
421.jpg,1,421
799.jpg,1,799
615.jpg,1,615
295.jpg,1,295
401.jpg,1,401
88.jpg,1,88
1790.jpg,0,1790
2314.jpg,0,2314
131.jpg,1,131
1995.jpg,0,1995
2321.jpg,0,2321
1999.jpg,0,1999
2022.jpg,0,2022
1935.jpg,0,1935
724.jpg,1,724
1314.jpg,0,1314
1769.jpg,0,1769
269.jpg,1,269
2165.jpg,0,2165
1832.jpg,0,1832
917.jpg,1,917
1319.jpg,0,1319
2150.jpg,0,2150
1777.jpg,0,1777
1389.jpg,0,1389
375.jpg,1,375
333.jpg,1,333
1564.jpg,0,1564
2210.jpg,0,2210
1118.jpg,0,1118
910.jpg,1,910
776.jpg,1,776
1753.jpg,0,1753
328.jpg,1,328
320.jpg,1,320
1766.jpg,0,1766
12.jpg,1,12
897.jpg,1,897
171.jpg,1,171
260.jpg,1,260
1921.jpg,0,1921
1905.jpg,0,1905
901.jpg,1,901
258.jpg,1,258
844.jpg,1,844
138.jpg,1,138
319.jpg,1,319
653.jpg,1,653
1659.jpg,0,1659
1586.jpg,0,1586
558.jpg,1,558
139.jpg,1,139
112.jpg,1,112
531.jpg,1,531
224.jpg,1,224
723.jpg,1,723
2183.jpg,0,2183
1977.jpg,0,1977
325.jpg,1,325
1323.jpg,0,1323
1700.jpg,0,1700
2046.jpg,0,2046
714.jpg,1,714
846.jpg,1,846
193.jpg,1,193
573.jpg,1,573
946.jpg,1,946
503.jpg,1,503
1580.jpg,0,1580
1569.jpg,0,1569
645.jpg,1,645
3.jpg,1,3
1551.jpg,0,1551
467.jpg,1,467
1345.jpg,0,1345
5.jpg,1,5
1786.jpg,0,1786
1991.jpg,0,1991
547.jpg,1,547
228.jpg,1,228
1063.jpg,0,1063
542.jpg,1,542
242.jpg,1,242
898.jpg,1,898
1809.jpg,0,1809
1160.jpg,0,1160
2124.jpg,0,2124
1582.jpg,0,1582
842.jpg,1,842
2015.jpg,0,2015
1917.jpg,0,1917
1559.jpg,0,1559
276.jpg,1,276
661.jpg,1,661
1937.jpg,0,1937
1626.jpg,0,1626
314.jpg,1,314
1343.jpg,0,1343
1615.jpg,0,1615
691.jpg,1,691
2029.jpg,0,2029
424.jpg,1,424
594.jpg,1,594
2329.jpg,0,2329
1711.jpg,0,1711
622.jpg,1,622
1578.jpg,0,1578
1413.jpg,0,1413
227.jpg,1,227
1510.jpg,0,1510
1169.jpg,0,1169
1792.jpg,0,1792
1483.jpg,0,1483
66.jpg,1,66
1855.jpg,0,1855
24.jpg,1,24
1235.jpg,0,1235
144.jpg,1,144
536.jpg,1,536
811.jpg,1,811
1512.jpg,0,1512
85.jpg,1,85
1254.jpg,0,1254
1830.jpg,0,1830
1793.jpg,0,1793
1593.jpg,0,1593
1451.jpg,0,1451
484.jpg,1,484
2096.jpg,0,2096
2246.jpg,0,2246
1851.jpg,0,1851
1545.jpg,0,1545
2315.jpg,0,2315
362.jpg,1,362
749.jpg,1,749
1556.jpg,0,1556
1026.jpg,0,1026
1030.jpg,0,1030
1831.jpg,0,1831
1335.jpg,0,1335
1824.jpg,0,1824
1453.jpg,0,1453
665.jpg,1,665
364.jpg,1,364
2070.jpg,0,2070
1239.jpg,0,1239
77.jpg,1,77
27.jpg,1,27
1942.jpg,0,1942
525.jpg,1,525
725.jpg,1,725
55.jpg,1,55
638.jpg,1,638
302.jpg,1,302
718.jpg,1,718
2347.jpg,0,2347
624.jpg,1,624
7.jpg,1,7
1280.jpg,0,1280
803.jpg,1,803
1049.jpg,0,1049
336.jpg,1,336
47.jpg,1,47
2000.jpg,0,2000
106.jpg,1,106
349.jpg,1,349
1079.jpg,0,1079
238.jpg,1,238
213.jpg,1,213
1144.jpg,0,1144
2072.jpg,0,2072
1749.jpg,0,1749
793.jpg,1,793
1096.jpg,0,1096
2025.jpg,0,2025
1892.jpg,0,1892
2093.jpg,0,2093
345.jpg,1,345
523.jpg,1,523
232.jpg,1,232
644.jpg,1,644
2034.jpg,0,2034
1428.jpg,0,1428
533.jpg,1,533
2035.jpg,0,2035
603.jpg,1,603
1489.jpg,0,1489
1874.jpg,0,1874
1426.jpg,0,1426
1074.jpg,0,1074
1761.jpg,0,1761
60.jpg,1,60
1701.jpg,0,1701
92.jpg,1,92
666.jpg,1,666
2067.jpg,0,2067
2116.jpg,0,2116
280.jpg,1,280
2167.jpg,0,2167
359.jpg,1,359
1867.jpg,0,1867
1397.jpg,0,1397
1576.jpg,0,1576
847.jpg,1,847
1206.jpg,0,1206
1857.jpg,0,1857
110.jpg,1,110
42.jpg,1,42
125.jpg,1,125
204.jpg,1,204
1473.jpg,0,1473
52.jpg,1,52
545.jpg,1,545
68.jpg,1,68
1533.jpg,0,1533
2069.jpg,0,2069
1672.jpg,0,1672
1424.jpg,0,1424
183.jpg,1,183
137.jpg,1,137
899.jpg,1,899
796.jpg,1,796
132.jpg,1,132
80.jpg,1,80
2005.jpg,0,2005
758.jpg,1,758
541.jpg,1,541
1019.jpg,0,1019
1541.jpg,0,1541
983.jpg,1,983
2142.jpg,0,2142
165.jpg,1,165
248.jpg,1,248
1331.jpg,0,1331
446.jpg,1,446
1550.jpg,0,1550
858.jpg,1,858
1358.jpg,0,1358
1629.jpg,0,1629
97.jpg,1,97
1567.jpg,0,1567
805.jpg,1,805
737.jpg,1,737
2004.jpg,0,2004
1756.jpg,0,1756
102.jpg,1,102
434.jpg,1,434
74.jpg,1,74
577.jpg,1,577
1616.jpg,0,1616
1692.jpg,0,1692
1230.jpg,0,1230
918.jpg,1,918
1326.jpg,0,1326
2179.jpg,0,2179
2153.jpg,0,2153
2115.jpg,0,2115
762.jpg,1,762
989.jpg,1,989
388.jpg,1,388
235.jpg,1,235
2032.jpg,0,2032
267.jpg,1,267
1329.jpg,0,1329
1599.jpg,0,1599
117.jpg,1,117
437.jpg,1,437
673.jpg,1,673
249.jpg,1,249
1961.jpg,0,1961
1574.jpg,0,1574
2348.jpg,0,2348
94.jpg,1,94
1726.jpg,0,1726
33.jpg,1,33
1996.jpg,0,1996
2151.jpg,0,2151
448.jpg,1,448
1469.jpg,0,1469
716.jpg,1,716
1702.jpg,0,1702
2326.jpg,0,2326
0.jpg,1,0
1854.jpg,0,1854
1101.jpg,0,1101
1108.jpg,0,1108
2138.jpg,0,2138
82.jpg,1,82
1481.jpg,0,1481
1735.jpg,0,1735
676.jpg,1,676
1797.jpg,0,1797
1958.jpg,0,1958
1046.jpg,0,1046
1460.jpg,0,1460
770.jpg,1,770
1633.jpg,0,1633
1723.jpg,0,1723
517.jpg,1,517
2012.jpg,0,2012
404.jpg,1,404
384.jpg,1,384
1748.jpg,0,1748
1804.jpg,0,1804
104.jpg,1,104
2244.jpg,0,2244
688.jpg,1,688
1762.jpg,0,1762
826.jpg,1,826
1240.jpg,0,1240
62.jpg,1,62
1305.jpg,0,1305
852.jpg,1,852
1822.jpg,0,1822
1262.jpg,0,1262
223.jpg,1,223
145.jpg,1,145
1088.jpg,0,1088
373.jpg,1,373
2119.jpg,0,2119
1142.jpg,0,1142
2252.jpg,0,2252
2018.jpg,0,2018
1274.jpg,0,1274
1265.jpg,0,1265
2103.jpg,0,2103
1709.jpg,0,1709
9.jpg,1,9
449.jpg,1,449
708.jpg,1,708
255.jpg,1,255
882.jpg,1,882
1617.jpg,0,1617
389.jpg,1,389
1771.jpg,0,1771
2255.jpg,0,2255
1581.jpg,0,1581
908.jpg,1,908
924.jpg,1,924
751.jpg,1,751
1654.jpg,0,1654
460.jpg,1,460
1708.jpg,0,1708
1224.jpg,0,1224
1168.jpg,0,1168
958.jpg,1,958
501.jpg,1,501
739.jpg,1,739
40.jpg,1,40
868.jpg,1,868
731.jpg,1,731
539.jpg,1,539
1201.jpg,0,1201
1339.jpg,0,1339
697.jpg,1,697
1878.jpg,0,1878
1856.jpg,0,1856
1371.jpg,0,1371
1145.jpg,0,1145
1031.jpg,0,1031
372.jpg,1,372
667.jpg,1,667
1431.jpg,0,1431
2055.jpg,0,2055
357.jpg,1,357
967.jpg,1,967
783.jpg,1,783
735.jpg,1,735
1353.jpg,0,1353
1035.jpg,0,1035
970.jpg,1,970
470.jpg,1,470
2009.jpg,0,2009
2215.jpg,0,2215
2193.jpg,0,2193
1396.jpg,0,1396
1536.jpg,0,1536
1741.jpg,0,1741
2053.jpg,0,2053
1549.jpg,0,1549
1328.jpg,0,1328
1818.jpg,0,1818
2014.jpg,0,2014
1425.jpg,0,1425
1464.jpg,0,1464
1555.jpg,0,1555
2239.jpg,0,2239
1250.jpg,0,1250
1252.jpg,0,1252
2283.jpg,0,2283
2284.jpg,0,2284
1236.jpg,0,1236
885.jpg,1,885
79.jpg,1,79
1172.jpg,0,1172
814.jpg,1,814
1730.jpg,0,1730
671.jpg,1,671
2058.jpg,0,2058
2064.jpg,0,2064
57.jpg,1,57
133.jpg,1,133
1140.jpg,0,1140
933.jpg,1,933
928.jpg,1,928
823.jpg,1,823
1432.jpg,0,1432
1838.jpg,0,1838
1531.jpg,0,1531
1214.jpg,0,1214
504.jpg,1,504
2323.jpg,0,2323
347.jpg,1,347
386.jpg,1,386
1024.jpg,0,1024
1384.jpg,0,1384
894.jpg,1,894
828.jpg,1,828
2291.jpg,0,2291
475.jpg,1,475
1683.jpg,0,1683
1984.jpg,0,1984
1978.jpg,0,1978
1954.jpg,0,1954
1882.jpg,0,1882
652.jpg,1,652
172.jpg,1,172
1474.jpg,0,1474
1149.jpg,0,1149
38.jpg,1,38
1554.jpg,0,1554
713.jpg,1,713
90.jpg,1,90
166.jpg,1,166
1205.jpg,0,1205
875.jpg,1,875
2232.jpg,0,2232
2157.jpg,0,2157
2290.jpg,0,2290
1093.jpg,0,1093
1155.jpg,0,1155
1324.jpg,0,1324
1834.jpg,0,1834
1350.jpg,0,1350
510.jpg,1,510
1680.jpg,0,1680
499.jpg,1,499
1826.jpg,0,1826
1388.jpg,0,1388
1519.jpg,0,1519
1671.jpg,0,1671
338.jpg,1,338
2136.jpg,0,2136
1188.jpg,0,1188
28.jpg,1,28
1540.jpg,0,1540
1217.jpg,0,1217
1932.jpg,0,1932
794.jpg,1,794
945.jpg,1,945
1988.jpg,0,1988
169.jpg,1,169
1893.jpg,0,1893
1676.jpg,0,1676
1197.jpg,0,1197
1542.jpg,0,1542
1253.jpg,0,1253
2131.jpg,0,2131
912.jpg,1,912
491.jpg,1,491
953.jpg,1,953
1097.jpg,0,1097
1032.jpg,0,1032
587.jpg,1,587
750.jpg,1,750
657.jpg,1,657
234.jpg,1,234
732.jpg,1,732
2344.jpg,0,2344
1186.jpg,0,1186
1156.jpg,0,1156
1983.jpg,0,1983
1925.jpg,0,1925
2123.jpg,0,2123
934.jpg,1,934
1209.jpg,0,1209
1065.jpg,0,1065
1716.jpg,0,1716
108.jpg,1,108
1062.jpg,0,1062
568.jpg,1,568
1167.jpg,0,1167
1174.jpg,0,1174
1588.jpg,0,1588
1507.jpg,0,1507
1492.jpg,0,1492
890.jpg,1,890
947.jpg,1,947
1048.jpg,0,1048
1820.jpg,0,1820
1849.jpg,0,1849
1953.jpg,0,1953
884.jpg,1,884
143.jpg,1,143
2308.jpg,0,2308
2060.jpg,0,2060
850.jpg,1,850
1587.jpg,0,1587
1407.jpg,0,1407
734.jpg,1,734
717.jpg,1,717
454.jpg,1,454
264.jpg,1,264
75.jpg,1,75
1256.jpg,0,1256
444.jpg,1,444
395.jpg,1,395
1938.jpg,0,1938
176.jpg,1,176
1042.jpg,0,1042
2197.jpg,0,2197
1888.jpg,0,1888
2222.jpg,0,2222
1929.jpg,0,1929
595.jpg,1,595
61.jpg,1,61
1296.jpg,0,1296
1821.jpg,0,1821
872.jpg,1,872
2013.jpg,0,2013
216.jpg,1,216
278.jpg,1,278
1548.jpg,0,1548
1718.jpg,0,1718
1392.jpg,0,1392
1803.jpg,0,1803
36.jpg,1,36
2191.jpg,0,2191
2043.jpg,0,2043
662.jpg,1,662
2054.jpg,0,2054
2240.jpg,0,2240
1951.jpg,0,1951
977.jpg,1,977
1571.jpg,0,1571
1122.jpg,0,1122
1712.jpg,0,1712
738.jpg,1,738
191.jpg,1,191
919.jpg,1,919
456.jpg,1,456
1417.jpg,0,1417
675.jpg,1,675
760.jpg,1,760
2241.jpg,0,2241
2122.jpg,0,2122
728.jpg,1,728
2137.jpg,0,2137
1399.jpg,0,1399
412.jpg,1,412
1098.jpg,0,1098
1516.jpg,0,1516
1649.jpg,0,1649
1524.jpg,0,1524
825.jpg,1,825
2020.jpg,0,2020
616.jpg,1,616
114.jpg,1,114
417.jpg,1,417
2301.jpg,0,2301
1625.jpg,0,1625
969.jpg,1,969
604.jpg,1,604
2306.jpg,0,2306
89.jpg,1,89
848.jpg,1,848
726.jpg,1,726
2305.jpg,0,2305
753.jpg,1,753
498.jpg,1,498
1276.jpg,0,1276
1325.jpg,0,1325
1630.jpg,0,1630
11.jpg,1,11
396.jpg,1,396
284.jpg,1,284
2297.jpg,0,2297
1066.jpg,0,1066
1865.jpg,0,1865
1191.jpg,0,1191
1440.jpg,0,1440
1600.jpg,0,1600
1858.jpg,0,1858
2199.jpg,0,2199
2198.jpg,0,2198
1450.jpg,0,1450
690.jpg,1,690
2127.jpg,0,2127
1568.jpg,0,1568
2281.jpg,0,2281
2269.jpg,0,2269
689.jpg,1,689
1687.jpg,0,1687
851.jpg,1,851
1498.jpg,0,1498
159.jpg,1,159
895.jpg,1,895
496.jpg,1,496
257.jpg,1,257
1782.jpg,0,1782
335.jpg,1,335
2285.jpg,0,2285
1039.jpg,0,1039
515.jpg,1,515
1348.jpg,0,1348
1015.jpg,0,1015
768.jpg,1,768
2205.jpg,0,2205
441.jpg,1,441
2003.jpg,0,2003
761.jpg,1,761
1246.jpg,0,1246
1203.jpg,0,1203
1980.jpg,0,1980
1123.jpg,0,1123
1860.jpg,0,1860
1781.jpg,0,1781
521.jpg,1,521
1785.jpg,0,1785
22.jpg,1,22
356.jpg,1,356
2238.jpg,0,2238
1277.jpg,0,1277
1312.jpg,0,1312
1635.jpg,0,1635
550.jpg,1,550
340.jpg,1,340
431.jpg,1,431
473.jpg,1,473
217.jpg,1,217
911.jpg,1,911
1227.jpg,0,1227
2100.jpg,0,2100
1011.jpg,0,1011
957.jpg,1,957
1773.jpg,0,1773
93.jpg,1,93
1008.jpg,0,1008
1070.jpg,0,1070
1092.jpg,0,1092
2094.jpg,0,2094
1308.jpg,0,1308
696.jpg,1,696
1109.jpg,0,1109
996.jpg,0,996
1458.jpg,0,1458
1679.jpg,0,1679
153.jpg,1,153
1099.jpg,0,1099
246.jpg,1,246
2351.jpg,0,2351
789.jpg,1,789
580.jpg,1,580
1470.jpg,0,1470
703.jpg,1,703
1212.jpg,0,1212
1295.jpg,0,1295
896.jpg,1,896
1908.jpg,0,1908
1260.jpg,0,1260
487.jpg,1,487
1624.jpg,0,1624
559.jpg,1,559
1141.jpg,0,1141
2190.jpg,0,2190
1119.jpg,0,1119
801.jpg,1,801
1774.jpg,0,1774
512.jpg,1,512
633.jpg,1,633
1997.jpg,0,1997
1664.jpg,0,1664
1012.jpg,0,1012
1931.jpg,0,1931
1416.jpg,0,1416
1150.jpg,0,1150
790.jpg,1,790
2202.jpg,0,2202
116.jpg,1,116
1497.jpg,0,1497
740.jpg,1,740
2346.jpg,0,2346
1974.jpg,0,1974
1081.jpg,0,1081
1627.jpg,0,1627
1810.jpg,0,1810
830.jpg,1,830
119.jpg,1,119
656.jpg,1,656
2145.jpg,0,2145
2109.jpg,0,2109
2330.jpg,0,2330
635.jpg,1,635
369.jpg,1,369
268.jpg,1,268
655.jpg,1,655
2164.jpg,0,2164
935.jpg,1,935
822.jpg,1,822
866.jpg,1,866
46.jpg,1,46
1373.jpg,0,1373
883.jpg,1,883
991.jpg,0,991
876.jpg,1,876
773.jpg,1,773
1219.jpg,0,1219
1126.jpg,0,1126
4.jpg,1,4
2228.jpg,0,2228
1003.jpg,0,1003
1595.jpg,0,1595
2188.jpg,0,2188
263.jpg,1,263
2086.jpg,0,2086
612.jpg,1,612
443.jpg,1,443
1002.jpg,0,1002
1077.jpg,0,1077
2334.jpg,0,2334
837.jpg,1,837
681.jpg,1,681
1715.jpg,0,1715
304.jpg,1,304
1365.jpg,0,1365
2076.jpg,0,2076
313.jpg,1,313
149.jpg,1,149
1148.jpg,0,1148
1213.jpg,0,1213
574.jpg,1,574
1721.jpg,0,1721
1688.jpg,0,1688
50.jpg,1,50
853.jpg,1,853
1982.jpg,0,1982
1823.jpg,0,1823
833.jpg,1,833
1115.jpg,0,1115
1166.jpg,0,1166
1906.jpg,0,1906
971.jpg,1,971
399.jpg,1,399
19.jpg,1,19
684.jpg,1,684
35.jpg,1,35
2223.jpg,0,2223
524.jpg,1,524
920.jpg,1,920
1841.jpg,0,1841
1890.jpg,0,1890
537.jpg,1,537
1705.jpg,0,1705
2299.jpg,0,2299
245.jpg,1,245
784.jpg,1,784
1409.jpg,0,1409
154.jpg,1,154
1686.jpg,0,1686
625.jpg,1,625
2256.jpg,0,2256
1346.jpg,0,1346
569.jpg,1,569
1758.jpg,0,1758
1816.jpg,0,1816
2065.jpg,0,2065
127.jpg,1,127
2333.jpg,0,2333
2006.jpg,0,2006
980.jpg,1,980
190.jpg,1,190
1139.jpg,0,1139
992.jpg,0,992
699.jpg,1,699
606.jpg,1,606
180.jpg,1,180
301.jpg,1,301
1060.jpg,0,1060
2216.jpg,0,2216
1069.jpg,0,1069
1243.jpg,0,1243
16.jpg,1,16
2336.jpg,0,2336
546.jpg,1,546
658.jpg,1,658
2121.jpg,0,2121
2148.jpg,0,2148
1504.jpg,0,1504
959.jpg,1,959
797.jpg,1,797
225.jpg,1,225
2074.jpg,0,2074
1799.jpg,0,1799
2322.jpg,0,2322
2085.jpg,0,2085
1693.jpg,0,1693
1045.jpg,0,1045
469.jpg,1,469
954.jpg,1,954
2332.jpg,0,2332
639.jpg,1,639
2180.jpg,0,2180
1218.jpg,0,1218
1158.jpg,0,1158
1415.jpg,0,1415
2130.jpg,0,2130
1527.jpg,0,1527
2292.jpg,0,2292
1300.jpg,0,1300
2250.jpg,0,2250
1603.jpg,0,1603
160.jpg,1,160
1704.jpg,0,1704
956.jpg,1,956
2288.jpg,0,2288
877.jpg,1,877
1919.jpg,0,1919
1884.jpg,0,1884
98.jpg,1,98
2221.jpg,0,2221
253.jpg,1,253
103.jpg,1,103
1445.jpg,0,1445
1443.jpg,0,1443
1648.jpg,0,1648
586.jpg,1,586
627.jpg,1,627
1696.jpg,0,1696
2101.jpg,0,2101
403.jpg,1,403
1154.jpg,0,1154
1682.jpg,0,1682
2056.jpg,0,2056
2234.jpg,0,2234
452.jpg,1,452
1327.jpg,0,1327
2049.jpg,0,2049
880.jpg,1,880
2289.jpg,0,2289
623.jpg,1,623
1787.jpg,0,1787
262.jpg,1,262
1634.jpg,0,1634
1438.jpg,0,1438
1969.jpg,0,1969
1802.jpg,0,1802
640.jpg,1,640
2224.jpg,0,2224
1959.jpg,0,1959
488.jpg,1,488
1843.jpg,0,1843
1734.jpg,0,1734
146.jpg,1,146
1534.jpg,0,1534
1986.jpg,0,1986
1369.jpg,0,1369
2303.jpg,0,2303
659.jpg,1,659
1794.jpg,0,1794
186.jpg,1,186
1147.jpg,0,1147
608.jpg,1,608
1930.jpg,0,1930
197.jpg,1,197
293.jpg,1,293
766.jpg,1,766
400.jpg,1,400
122.jpg,1,122
202.jpg,1,202
835.jpg,1,835
1439.jpg,0,1439
1733.jpg,0,1733
1695.jpg,0,1695
1707.jpg,0,1707
2286.jpg,0,2286
1153.jpg,0,1153
1661.jpg,0,1661
1759.jpg,0,1759
854.jpg,1,854
1589.jpg,0,1589
641.jpg,1,641
1.jpg,1,1
2160.jpg,0,2160
698.jpg,1,698
1636.jpg,0,1636
1291.jpg,0,1291
2242.jpg,0,2242
1520.jpg,0,1520
1853.jpg,0,1853
1136.jpg,0,1136
2273.jpg,0,2273
1631.jpg,0,1631
1998.jpg,0,1998
663.jpg,1,663
683.jpg,1,683
1257.jpg,0,1257
317.jpg,1,317
648.jpg,1,648
1434.jpg,0,1434
1479.jpg,0,1479
709.jpg,1,709
1282.jpg,0,1282
1768.jpg,0,1768
972.jpg,1,972
1306.jpg,0,1306
1400.jpg,0,1400
1408.jpg,0,1408
1496.jpg,0,1496
2038.jpg,0,2038
1529.jpg,0,1529
1663.jpg,0,1663
1354.jpg,0,1354
2294.jpg,0,2294
2310.jpg,0,2310
1643.jpg,0,1643
1051.jpg,0,1051
795.jpg,1,795
1597.jpg,0,1597
1819.jpg,0,1819
1722.jpg,0,1722
1183.jpg,0,1183
1059.jpg,0,1059
540.jpg,1,540
1678.jpg,0,1678
1757.jpg,0,1757
1923.jpg,0,1923
95.jpg,1,95
1020.jpg,0,1020
563.jpg,1,563
863.jpg,1,863
1484.jpg,0,1484
1881.jpg,0,1881
1038.jpg,0,1038
206.jpg,1,206
392.jpg,1,392
870.jpg,1,870
397.jpg,1,397
2260.jpg,0,2260
1028.jpg,0,1028
1485.jpg,0,1485
960.jpg,1,960
1570.jpg,0,1570
1895.jpg,0,1895
2146.jpg,0,2146
804.jpg,1,804
1751.jpg,0,1751
502.jpg,1,502
779.jpg,1,779
1863.jpg,0,1863
200.jpg,1,200
2182.jpg,0,2182
2088.jpg,0,2088
1796.jpg,0,1796
378.jpg,1,378
418.jpg,1,418
1698.jpg,0,1698
391.jpg,1,391
1522.jpg,0,1522
1162.jpg,0,1162
1495.jpg,0,1495
2027.jpg,0,2027
1152.jpg,0,1152
1367.jpg,0,1367
64.jpg,1,64
2062.jpg,0,2062
1180.jpg,0,1180
492.jpg,1,492
379.jpg,1,379
2235.jpg,0,2235
763.jpg,1,763
2264.jpg,0,2264
791.jpg,1,791
1076.jpg,0,1076
878.jpg,1,878
337.jpg,1,337
1016.jpg,0,1016
1275.jpg,0,1275
455.jpg,1,455
815.jpg,1,815
995.jpg,0,995
1981.jpg,0,1981
201.jpg,1,201
161.jpg,1,161
1579.jpg,0,1579
702.jpg,1,702
1500.jpg,0,1500
1129.jpg,0,1129
1021.jpg,0,1021
1585.jpg,0,1585
1955.jpg,0,1955
2253.jpg,0,2253
34.jpg,1,34
775.jpg,1,775
1478.jpg,0,1478
1390.jpg,0,1390
2139.jpg,0,2139
1363.jpg,0,1363
2041.jpg,0,2041
241.jpg,1,241
2061.jpg,0,2061
600.jpg,1,600
1297.jpg,0,1297
2214.jpg,0,2214
2068.jpg,0,2068
646.jpg,1,646
1528.jpg,0,1528
1267.jpg,0,1267
1899.jpg,0,1899
562.jpg,1,562
189.jpg,1,189
1806.jpg,0,1806
975.jpg,1,975
2047.jpg,0,2047
1082.jpg,0,1082
474.jpg,1,474
747.jpg,1,747
2300.jpg,0,2300
21.jpg,1,21
459.jpg,1,459
1184.jpg,0,1184
2324.jpg,0,2324
955.jpg,1,955
1215.jpg,0,1215
1515.jpg,0,1515
769.jpg,1,769
1685.jpg,0,1685
130.jpg,1,130
2135.jpg,0,2135
1482.jpg,0,1482
330.jpg,1,330
1238.jpg,0,1238
466.jpg,1,466
2169.jpg,0,2169
1638.jpg,0,1638
1095.jpg,0,1095
1130.jpg,0,1130
1294.jpg,0,1294
860.jpg,1,860
